GeneName	FC	BatchId	SampleId	CN	SegmentNo
CCND2	1.1791580026905368	T00001	NWHP93133915647130	3	1
CCND2	0.9137466300219228	T00001	SMRK78016219070717	2	1
CCND2	0.939164194173257	T00001	IWXI91131864485297	2	1
CCND2	0.9406691451916022	T00001	MCFX44262304575323	2	1
CCND2	0.9445100218045933	T00001	GEAA71481940280135	2	1
CCND2	0.9845553761773597	T00001	HUIM74289818390357	2	1
CCND2	1.026834117137032	T00001	ZKLF35493492617233	2	1
CCND2	0.8179223745528323	T00001	MFEW55319934216974	2	1
CCND2	0.937486832626733	T00002	TWFP69685254051419	2	1
CCND2	0.9596300214882354	T00002	PLJK75975618851122	2	1
CCND2	0.9142287074947061	T00002	WAVX20938496287845	2	1
CCND2	0.9203833337841073	T00002	QHQF52948443205174	2	1
CCND2	1.1231086879612777	T00002	ZUSS26180202448730	3	1
CCND2	0.9221050736524131	T00002	IOTG10987781201519	2	1
CCND2	0.9324803937663363	T00002	OAGG95080349090898	2	1
CCND2	0.8858371102701421	T00002	PNXT75087498485377	2	1
CCND2	0.9911627392438567	T00003	HIYN68728721300124	2	1
CCND2	0.9771201514999123	T00003	URTY79632927012683	2	1
CCND2	0.9868642680880133	T00003	AFDH68945629806582	2	1
CCND2	0.8804653584250285	T00003	EYFJ17404891281489	2	1
CCND2	1.4043837737195306	T00003	NXDY75144040914809	4	1
CCND2	0.8609607630789481	T00003	GMXV36925883390099	2	1
CCND2	0.9703360950279174	T00003	TTOP77926489489598	2	1
CCND2	0.9547959101539102	T00003	GQQO38824448522641	2	1
CCND2	0.9453124064486699	T00004	MNYD89664545209040	2	1
CCND2	0.9335009780798721	T00004	LIEY26855143601225	2	1
CCND2	0.962510116166551	T00004	FXMY40081367932211	2	1
CCND2	0.8949106193644336	T00004	CKWE78604352786315	2	1
CCND2	0.4439468385658411	T00004	ARGG48454310651954	0	1
CCND2	0.9741446513664571	T00004	NKLH87974919924471	2	1
CCND2	0.9102747315116931	T00004	FZZS87095716282872	2	1
CCND2	0.9632787151319805	T00004	NBZX56996066105684	2	1
CCND2	0.9639945348975351	T00005	ISJX85768514521255	2	1
CCND2	0.8658344377055902	T00005	FYCD65105326290557	2	1
CCND2	0.9745941879517367	T00005	YYFT69178471569398	2	1
CCND2	1.1452211676021933	T00005	OEJQ43868197714639	3	1
CCND2	0.902107179438678	T00005	FUPW87665718724403	2	1
CCND2	0.9372043513847239	T00005	BYAX56147055972264	2	1
CCND2	0.9546353455715266	T00005	TZES76952850277060	2	1
CCND2	0.9643496748069663	T00005	XPGH19810147392962	2	1
CCND2	0.9837130253801898	T00006	BPOV64198359201703	2	1
CCND2	0.4472662232570305	T00006	IQUB29249152399917	0	1
CCND2	0.8602530078284145	T00006	VFLQ62845964540199	2	1
CCND2	0.9840500659541562	T00006	UTTA41923234068131	2	1
CCND2	0.9196270300279958	T00006	YOWX01826930736771	2	1
CCND2	1.001875937343392	T00006	QMGA14287992045595	2	1
CCND2	0.893100457159245	T00006	JYYE48753276481496	2	1
CCND2	0.9167424739691797	T00006	FUNJ28643957005801	2	1
CCND2	0.9564630201492844	T00007	EBAR29194404534506	2	1
CCND2	1.0144508770378036	T00007	WPGV96467641308062	2	1
CCND2	0.9900015479340872	T00007	CKGP43728637536565	2	1
CCND2	0.9217915220357897	T00007	LPLM55925952360760	2	1
CCND2	0.9198505695421364	T00007	QYMZ23274823528841	2	1
CCND2	0.9714066146597187	T00007	JQKT57617915118566	2	1
CCND2	0.9054734047830533	T00007	TWUV90106681827428	2	1
CCND2	0.9726471493394072	T00007	HCHD67468403016397	2	1
CCND2	0.9825703516119086	T00008	BOZH23257105457435	2	1
CCND2	0.4540008811355444	T00008	FJBS48087607463521	0	1
CCND2	0.9704225092229846	T00008	XJED85199023731898	2	1
CCND2	0.8808270926852655	T00008	ADSX95198009682356	2	1
CCND2	0.8988742350446852	T00008	XTHK34767977705228	2	1
CCND2	0.9864366900868299	T00008	QIKL34661209587361	2	1
CCND2	0.991572052002722	T00008	RUUD87436560212309	2	1
CCND2	0.979748815513937	T00008	NRVK52638902472995	2	1
CCND2	0.8638979086780882	T00009	QOPP58185942416701	2	1
CCND2	0.9483928739882888	T00009	ZINJ13896231584975	2	1
CCND2	0.8430681336870779	T00009	RNCS00898573162300	2	1
CCND2	0.932244620297326	T00009	VDER13310343120822	2	1
CCND2	0.436165876358481	T00009	YFYX94751318310313	0	1
CCND2	1.0582302894128428	T00009	ABTK57085473111264	2	1
CCND2	1.3197013005430343	T00009	KOAP22129033183700	4	1
CCND2	0.9540218218367437	T00009	ZMDM77724234255638	2	1
CCND2	0.932249416236242	T00010	RQHJ72132079814244	2	1
CCND2	0.9235131723553724	T00010	YUGI89860707587522	2	1
CCND2	0.9013988084585408	T00010	EHJK41976034322503	2	1
CCND2	0.8967594710728921	T00010	VTUP53685295395884	2	1
CCND2	0.4864763119964301	T00010	KGZY84797771543380	0	1
CCND2	0.47771897788710577	T00010	FLKB49617177889366	0	1
CCND2	0.9491557682301467	T00010	BDVD41262981110106	2	1
CCND2	0.4987160899354371	T00010	GPDC58287487920425	0	1
CCND2	0.9486021205318588	T00011	GSYJ65253465572038	2	1
CCND2	0.8907369102254804	T00011	SOWO17634364013278	2	1
CCND2	0.9749463462687159	T00011	CBRG60148364396975	2	1
CCND2	1.1945962149985636	T00011	IEPL19428720769908	3	1
CCND2	0.899919105911448	T00011	VZHH81000032325429	2	1
CCND2	0.7860618980276104	T00011	JCPZ98723367153834	1	1
CCND2	1.3404316780230152	T00011	OYIJ09967062169254	4	1
CCND2	1.1795134219113468	T00011	VQQI64490810155707	3	1
CCND2	0.8589951073792574	T00012	UNLJ32261460976509	2	1
CCND2	0.5494291173980879	T00012	UESW72614206467660	0	1
CCND2	0.9691007600666102	T00012	JLKM81305527938012	2	1
CCND2	0.9604760995375426	T00012	DXPB92773055614459	2	1
CCND2	0.9784936336175879	T00012	ZIJJ54344549779252	2	1
CCND2	0.896710703111529	T00012	FCAJ48655555950077	2	1
CCND2	0.9303540003990932	T00012	MVWD01442270735766	2	1
CCND2	1.1221461505692618	T00012	YEAF99979497916176	3	1
CCND2	0.43201471862342916	T00013	WEZZ08428778314165	0	1
CCND2	0.92202463865504	T00013	XTPS27309044824707	2	1
CCND2	0.91984346065261	T00013	EJUH37759295525254	2	1
CCND2	0.8668405142414742	T00013	PNTI01364953805788	2	1
CCND2	0.8962297346924509	T00013	WIBT76649431061918	2	1
CCND2	0.9089191034706745	T00013	QEXK91658653435025	2	1
CCND2	0.9492219445728269	T00013	EDQE67041316665048	2	1
CCND2	0.8949100766201641	T00013	AQTD27005408663209	2	1
CCND2	0.43598574084597125	T00014	DZLI40843194395357	0	1
CCND2	0.8883092970277825	T00014	KCPI99537503885823	2	1
CCND2	1.034155475244657	T00014	BMQW04855492045652	2	1
CCND2	0.4510914796272094	T00014	SGHU20336368092777	0	1
CCND2	0.9646344770843635	T00014	IJLO83555879372091	2	1
CCND2	1.0708853598956616	T00014	DRJQ45721782608698	2	1
CCND2	0.8683358738906767	T00014	WVPH48140203072059	2	1
CCND2	1.4922621145281934	T00014	MYHJ29595959715363	4	1
CCND2	0.9998004446869716	T00015	GFRZ50379992298108	2	1
CCND2	0.4826805919662584	T00015	VIPF87914881302200	0	1
CCND2	0.8600442906774283	T00015	OQPV20755320624974	2	1
CCND2	0.8831447833557592	T00015	PZPV72926623290050	2	1
CCND2	0.8066126988782145	T00015	UUEX24164976388784	2	1
CCND2	0.9516896122511475	T00015	ZFMV17075224031472	2	1
CCND2	0.8786348434779393	T00015	WYQL62587716242684	2	1
CCND2	0.9038652375594834	T00015	BXJX03045062393965	2	1
CCND2	1.0155328920164932	T00016	NIOV32519690965684	2	1
CCND2	1.3678016593371005	T00016	SRPT08071126548433	4	1
CCND2	1.0387537992594342	T00016	XBMN20881699767873	2	1
CCND2	0.8892559938667676	T00016	HCZK26076982421634	2	1
CCND2	0.9252890368947237	T00016	PRKH25917292434712	2	1
CCND2	0.8806202843349732	T00016	CJOU27295699328973	2	1
CCND2	0.9776274129957434	T00016	MFCJ41984752165768	2	1
CCND2	0.908909181340058	T00016	VROO00562049083654	2	1
CCND2	0.8788134382926639	T00017	CWHG46696235343766	2	1
CCND2	1.244594616868524	T00017	CKKZ17216544983373	3	1
CCND2	0.9047966571316924	T00017	WROI61818224728403	2	1
CCND2	0.961727620237785	T00017	DRRW73603012839418	2	1
CCND2	0.9971310486558556	T00017	BLTJ21965464034302	2	1
CCND2	0.9348514552270835	T00017	CIJB80365738312405	2	1
CCND2	0.9583801190078071	T00017	TQIJ19952584482305	2	1
CCND2	1.0261811757503814	T00017	WZIE25651217208857	2	1
CCND2	0.9305221336907291	T00018	CPMB38399257044943	2	1
CCND2	0.882182794464832	T00018	EIQV61241894843899	2	1
CCND2	0.9569030649736343	T00018	OGYL77888609400156	2	1
CCND2	0.925162119031204	T00018	KZJZ75033357753393	2	1
CCND2	0.4605651326709022	T00018	WYRK82839657364047	0	1
CCND2	0.8714913538412699	T00018	LXLU82299727784863	2	1
CCND2	0.8830208527553522	T00018	GMYH96726192820883	2	1
CCND2	0.9277316036710909	T00018	OQBJ77888282439409	2	1
CCND2	0.9394746633313926	T00019	JWJJ59052187377844	2	1
CCND2	1.0017224404372045	T00019	JZPD78673390267577	2	1
CCND2	0.8308760056765601	T00019	PASY70426760416292	2	1
CCND2	0.929665804639185	T00019	MVMJ05435970302227	2	1
CCND2	0.8572363863256641	T00019	NBZI54240023986882	2	1
CCND2	1.086935892644718	T00019	DIRT07017152738028	3	1
CCND2	0.9178601867501913	T00019	EUEL73634622152680	2	1
CCND2	0.9755441891072174	T00019	DIRQ75552820980989	2	1
CCND2	0.8899088194883052	T00020	LZZR92715865272435	2	1
CCND2	0.4937428619628558	T00020	GGMN52159485004394	0	1
CCND2	0.8591001316833566	T00020	RJHH78770217551125	2	1
CCND2	1.651443500206794	T00020	ERLY68947342931568	5	1
CCND2	0.9768406964572718	T00020	SIFJ78845704229181	2	1
CCND2	0.8976757848931235	T00020	GWJA77885085289310	2	1
CCND2	0.9498752665101639	T00020	PUMY80768368632790	2	1
CCND2	0.9258184709832933	T00020	PXIV07110333028834	2	1
CCND2	0.9448175228982524	T00021	TGIL89881737559490	2	1
CCND2	0.9673973753421554	T00021	OSXG44766448288790	2	1
CCND2	0.9061235230818249	T00021	RFJR12041411873438	2	1
CCND2	0.8536812900894516	T00021	AOKF97579023379980	2	1
CCND2	0.9920083716513208	T00021	MOWU45058005000196	2	1
CCND2	0.9427718453930949	T00021	OGCS01664062816051	2	1
CCND2	0.9846469036544047	T00021	GVZJ38034846524127	2	1
CCND2	0.9537487248689605	T00021	PWDA93441134492036	2	1
CCND2	0.8749535699892853	T00022	NFLF62877605623826	2	1
CCND2	0.8879999346948868	T00022	FNTN11706290784953	2	1
CCND2	0.889811475506772	T00022	RNQD81533963815868	2	1
CCND2	0.9853234769318668	T00022	NLEW88468038793683	2	1
CCND2	1.744884661568363	T00022	GKYG29112840648464	5	1
CCND2	0.8853780998577848	T00022	OFIN83487808583153	2	1
CCND2	0.9758664720432827	T00022	MRKH82903192754637	2	1
CCND2	0.922663832921087	T00022	DZTQ98850172460431	2	1
CCND2	1.040187963583107	T00023	EBKT79665998735863	2	1
CCND2	0.9403691317117115	T00023	SESS68147457275062	2	1
CCND2	0.921995848665087	T00023	YAKM67592252030635	2	1
CCND2	0.8842395196263663	T00023	QLTF64381706475531	2	1
CCND2	0.8764396106509443	T00023	ACZJ65651366448883	2	1
CCND2	0.9446958301547874	T00023	PGVZ39911999464999	2	1
CCND2	0.4501972208157396	T00023	YJHM48914589127612	0	1
CCND2	0.8901303156678864	T00023	NWJR22803504160394	2	1
CCND2	0.958878700139891	T00024	JYHM30570501073891	2	1
CCND2	0.9817830157756293	T00024	BEJK59274821815289	2	1
CCND2	0.9150845663168253	T00024	KXKH95745763767966	2	1
CCND2	0.9277698959629976	T00024	ZPLG36471787480907	2	1
CCND2	0.9791211990173949	T00024	YBQW92397668893038	2	1
CCND2	0.9029478214348636	T00024	TWRQ46305631817678	2	1
CCND2	0.44713179922671487	T00024	MZLS87456599239534	0	1
CCND2	0.919412936094987	T00024	PDOS00235962238742	2	1
CCND2	1.2778316698838847	T00025	PFAF69409836809757	3	1
CCND2	0.932370784479888	T00025	QIRX80523453110670	2	1
CCND2	1.0075951784730002	T00025	RGHJ07013563604727	2	1
CCND2	1.004071763934377	T00025	GETJ21918260249889	2	1
CCND2	0.9739291707386987	T00025	LVVB24070170516898	2	1
CCND2	1.642707468887596	T00025	TBID85871401800209	5	1
CCND2	0.9900544714602076	T00025	GXRG98799297416326	2	1
CCND2	0.4321186715419295	T00025	GSGP90306101785961	0	1
CCND2	0.9476778795921765	T00026	ALKA51685423721716	2	1
CCND2	0.9482064549805538	T00026	RKYU88384475825477	2	1
CCND2	1.048273820667198	T00026	UATI69897186220681	2	1
CCND2	0.8066583647711284	T00026	RRNC27014946820337	2	1
CCND2	0.7209091781361665	T00026	PUQB27543288604260	1	1
CCND2	1.0249753144088871	T00026	XHGS22176757537862	2	1
CCND2	0.9137554630705057	T00026	ILPS10616624065796	2	1
CCND2	0.8730400317581288	T00026	DJXG01096544833272	2	1
CCND2	0.8969188887941207	T00027	XENG25579426919574	2	1
CCND2	0.9031952144572071	T00027	DACB65871622722682	2	1
CCND2	0.9652250461970636	T00027	OHZJ90182186041366	2	1
CCND2	1.049581527356329	T00027	IRVL03635867309601	2	1
CCND2	1.2161718931981322	T00027	ASIK95441687880405	3	1
CCND2	0.9254994750578093	T00027	DGKF78693780257363	2	1
CCND2	0.6746832814114827	T00027	UVHL41337094184634	1	1
CCND2	0.8876050390131456	T00027	MNIH16028046535913	2	1
CCND2	0.8889867517340749	T00028	CMDJ68479710282128	2	1
CCND2	0.998180155825221	T00028	IQSF54176590446444	2	1
CCND2	0.9427077048529132	T00028	XSXU74778272297702	2	1
CCND2	0.42276159351601733	T00028	IWCF64653158136381	0	1
CCND2	0.9934627414120912	T00028	FXCH97493688034024	2	1
CCND2	0.9130446751834225	T00028	UWUB76941277008083	2	1
CCND2	0.9779681289209949	T00028	SFCC44753259345093	2	1
CCND2	0.49454193375806244	T00028	PGAL53287568037326	0	1
CCND2	0.9076249960343152	T00029	BIHL94294650184306	2	1
CCND2	0.8018631669761225	T00029	BEWT51362027643246	2	1
CCND2	1.1370954314085837	T00029	LJPY87475831888122	3	1
CCND2	1.4117787887524604	T00029	PKDQ38704499931283	4	1
CCND2	0.8242347071750292	T00029	NZPK64787923845415	2	1
CCND2	0.910810945066474	T00029	PKGS26963089592071	2	1
CCND2	0.9602888478614084	T00029	ZELO80208659534423	2	1
CCND2	0.9669620580425738	T00029	TEEE30315369055997	2	1
CCND2	0.9302440143485553	T00030	YDKU87437217117576	2	1
CCND2	0.9829486217187504	T00030	YWQZ47915083341149	2	1
CCND2	0.9338064775156629	T00030	SNOH95786378650957	2	1
CCND2	0.8622808117121963	T00030	YRGN90697007040281	2	1
CCND2	0.9537290161983435	T00030	GKEX75199079798399	2	1
CCND2	0.9178160501144476	T00030	IEYL30010147152535	2	1
CCND2	0.5032453634421925	T00030	DPBV93223965755852	0	1
CCND2	0.895710396861359	T00030	QDTQ98665838913460	2	1
CCND2	0.9442182926133684	T00031	ZIUS82431610350292	2	1
CCND2	0.9494127925116116	T00031	UDYX91369420847525	2	1
CCND2	0.9417067768373826	T00031	TYLM61397096432887	2	1
CCND2	0.875553279089046	T00031	WTFT32578226065728	2	1
CCND2	0.4312411382462613	T00031	XYYO95007349748265	0	1
CCND2	0.47568658250660545	T00031	LBSH93415268206245	0	1
CCND2	0.471177973458624	T00031	KDRV18119675568467	0	1
CCND2	0.8966893651909728	T00031	SSBJ35331515856137	2	1
CCND2	0.8909361302650826	T00032	XIJN58389720830796	2	1
CCND2	0.9788291959432939	T00032	VHGM94985908468963	2	1
CCND2	1.4539657016226195	T00032	DSZA21630977859944	4	1
CCND2	0.8969019058479251	T00032	UXIL03871392289071	2	1
CCND2	0.9373134210071444	T00032	RNPU71902230662457	2	1
CCND2	0.8639121386264574	T00032	EPXR68976682635610	2	1
CCND2	0.47660722068285627	T00032	XGCE96091758403471	0	1
CCND2	1.5919364489837986	T00032	EBTE92898727067835	5	1
CCND2	0.9123315155514078	T00033	QSBQ36309380856987	2	1
CCND2	0.9028589572870124	T00033	KKWX51953737449890	2	1
CCND2	0.9115095396512013	T00033	QCAJ18323343135279	2	1
CCND2	0.938689828517968	T00033	HODF98302437073498	2	1
CCND2	0.9737071011047104	T00033	ZYQA38532024464833	2	1
CCND2	0.9254935998436173	T00033	VRXU46338710472451	2	1
CCND2	0.9193989490315296	T00033	ZYLZ29980954299452	2	1
CCND2	0.9223968495014677	T00033	NXOZ50041738925669	2	1
CCND2	1.02452415704808	T00034	UXZO15422651481050	2	1
CCND2	0.9520721044635934	T00034	KXYU88677147373617	2	1
CCND2	0.9212158750530796	T00034	VJFS96805874677036	2	1
CCND2	0.9272133859574547	T00034	LTCE92822699409380	2	1
CCND2	0.843373729759452	T00034	IVSG86980816846991	2	1
CCND2	0.9095663730353253	T00034	GDJT04428228996996	2	1
CCND2	0.994416688740557	T00034	KKBQ47398852833075	2	1
CCND2	1.0555790925429636	T00034	DKXR22190459937581	2	1
CCND2	0.9316025844786026	T00035	YWMH07198040750762	2	1
CCND2	0.9349254675429602	T00035	FICO69792486245258	2	1
CCND2	0.9232896049193666	T00035	GCTJ53973864580695	2	1
CCND2	0.9899439596938072	T00035	BAYR95499457096194	2	1
CCND2	0.9288818777225185	T00035	KTAT51907965672765	2	1
CCND2	0.9406543454010331	T00035	MEUP89553731917063	2	1
CCND2	0.9489304490585773	T00035	MKNW42794535902907	2	1
CCND2	0.877071336700402	T00035	VSAC89850146350430	2	1
CCND2	0.8842255124313398	T00036	WZAV08123088192372	2	1
CCND2	0.9655047914498857	T00036	JTXW88402560812918	2	1
CCND2	0.9042250888369586	T00036	RQBJ64228772586849	2	1
CCND2	0.924388322953496	T00036	XNID69631107129439	2	1
CCND2	0.9563324639607588	T00036	VWCA52625939177792	2	1
CCND2	0.8912491219859611	T00036	HKRB13390135194948	2	1
CCND2	0.9593231405587206	T00036	DSTF74406163483607	2	1
CCND2	0.9543547164375422	T00036	EBSD83413654493971	2	1
CCND2	0.9915790277177321	T00037	ABYI65955609518486	2	1
CCND2	0.4600429059346085	T00037	RDGT15513694284740	0	1
CCND2	0.9346380203215057	T00037	HWRK10738105434649	2	1
CCND2	0.9344409182942145	T00037	EPDJ33840289950039	2	1
CCND2	0.8413028320833154	T00037	SENB41064409456271	2	1
CCND2	0.9789292212924388	T00037	PHME87009972325555	2	1
CCND2	0.9520329735103128	T00037	LPGQ14132112480207	2	1
CCND2	0.852692449321095	T00037	RFGC87304475221644	2	1
CCND2	0.892135332814098	T00038	YQXQ72099708508998	2	1
CCND2	0.9761039930785639	T00038	MJAJ89881084973968	2	1
CCND2	0.4457148885078293	T00038	EROZ72374212720954	0	1
CCND2	0.9489444391593428	T00038	XPHN28392662478644	2	1
CCND2	0.995247388111978	T00038	DKMI43009394864670	2	1
CCND2	0.6839208296763948	T00038	NYSH49464759873128	1	1
CCND2	0.904572420103807	T00038	FBMS55995614619895	2	1
CCND2	0.9280381168226177	T00038	BTXF82721045883853	2	1
CCND2	0.9266530408707295	T00039	TOAR33469016527493	2	1
CCND2	1.454703685383826	T00039	SDMR09117707064223	4	1
CCND2	0.9398518664621979	T00039	NWAB04304862846633	2	1
CCND2	0.9101845037309001	T00039	MQKX83166182982097	2	1
CCND2	0.93982871846634	T00039	ZOMW22398503665728	2	1
CCND2	0.504971355871976	T00039	WPPF55325570870436	0	1
CCND2	0.9574608320487006	T00039	XQUO19976545527525	2	1
CCND2	0.4372879644518494	T00039	APZP60780424605400	0	1
CCND2	0.9069549700362564	T00040	UMWT25436435338789	2	1
CCND2	0.9093559825551065	T00040	GQUZ92314046357812	2	1
CCND2	0.502748252225328	T00040	UBMF88834631196371	0	1
CCND2	0.9677328483181147	T00040	KBFT19844394228599	2	1
CCND2	0.9698354991789614	T00040	EHFZ22858190048967	2	1
CCND2	0.8686112915157476	T00040	XYLA81911873133668	2	1
CCND2	0.9252446114471814	T00040	YTBU65497206656719	2	1
CCND2	0.9251073063066411	T00040	WOGG67181024679492	2	1
CCND2	0.9641270901150031	T00041	YJLI80082887926692	2	1
CCND2	0.8618800146607829	T00041	ACUT75550300475931	2	1
CCND2	1.022642548877906	T00041	QBZR54616786535278	2	1
CCND2	0.9277896967030353	T00041	ZNOD64073505455687	2	1
CCND2	0.8706962786589558	T00041	UHWR37369653786111	2	1
CCND2	0.8799284119941243	T00041	FKCG60806514922187	2	1
CCND2	0.8831393162014656	T00041	XWNP55075204733506	2	1
CCND2	0.454792098738166	T00041	ESMW38338137231203	0	1
CCND2	0.9883660884861364	T00042	KKDZ22495867278989	2	1
CCND2	0.44986275537989306	T00042	SREN05343286811681	0	1
CCND2	0.8659019378800199	T00042	ODLC68998345475519	2	1
CCND2	0.9434369466970459	T00042	CFGW93026676398926	2	1
CCND2	0.9842148366801738	T00042	LLQT92444260243196	2	1
CCND2	0.4799881216247467	T00042	WQVE67839417240779	0	1
CCND2	0.9038239407403336	T00042	HXWM95202089134060	2	1
CCND2	0.427881575685081	T00042	KQNT07057804003941	0	1
CCND2	0.8079303209982349	T00043	JKJN86389495819427	2	1
CCND2	0.8894996003891622	T00043	YXVX52916487980877	2	1
CCND2	0.9617736125984451	T00043	DVLH14393550407333	2	1
CCND2	0.4500243030532799	T00043	OHBL67529115022752	0	1
CCND2	1.2111234882152369	T00043	VBIX92199711919678	3	1
CCND2	1.0304801627023232	T00043	NBHK59755604306432	2	1
CCND2	0.9261013935088915	T00043	JHNF05101083890385	2	1
CCND2	0.9776312221155277	T00043	JKBB48232308858368	2	1
CCND2	0.9614872605968889	T00044	ZCHZ54340194320935	2	1
CCND2	0.48416004403973	T00044	ZBJO25364504144634	0	1
CCND2	0.8220679816686062	T00044	QRIN17463472277660	2	1
CCND2	0.9259325712763932	T00044	SOED23869101973538	2	1
CCND2	0.8530531168673021	T00044	AYXG46416070763509	2	1
CCND2	0.8877747665476305	T00044	KFXG92866506034600	2	1
CCND2	0.8933413209278405	T00044	GGPE54658271774895	2	1
CCND2	0.9585424140592117	T00044	GKNJ32657308376885	2	1
CCND2	0.9255021124664458	T00045	QUVJ30082444474650	2	1
CCND2	1.7574083661445732	T00045	IUQF45099302365016	5	1
CCND2	0.8613803342016272	T00045	YHIE11872549107560	2	1
CCND2	1.073739219990605	T00045	BZJN20709673139975	2	1
CCND2	0.4536559262761311	T00045	WDJP91601617668840	0	1
CCND2	0.9857607048757021	T00045	SVQG77576032014191	2	1
CCND2	0.9394609421517736	T00045	ZJGL40596987551361	2	1
CCND2	0.9156382603930951	T00045	SCSC54490069094485	2	1
CCND2	0.9428058925283869	T00046	JZTP78752508144871	2	1
CCND2	0.471589635343429	T00046	WXPB23014561468548	0	1
CCND2	0.9246536859411342	T00046	FQZU12805768856828	2	1
CCND2	0.8876125882959884	T00046	DVFP63122273146266	2	1
CCND2	0.9389096720679554	T00046	VXAD00221616048490	2	1
CCND2	0.9927314722731305	T00046	DRWV90735099573142	2	1
CCND2	0.9867965517294256	T00046	PBAT43182663173597	2	1
CCND2	0.9270507183547919	T00046	JCRI39443386784967	2	1
CCND2	0.5173009654274929	T00047	RYBQ59803368424394	0	1
CCND2	0.8454768089123466	T00047	LMWF50125876862452	2	1
CCND2	0.9970697912121392	T00047	SCIC68035703205103	2	1
CCND2	1.6008597413078234	T00047	GPEY91956915439400	5	1
CCND2	0.8697667696690022	T00047	HIEC75106030516124	2	1
CCND2	0.955751940995996	T00047	FXDF22583265845011	2	1
CCND2	0.8500650604297321	T00047	SCBC53505167212178	2	1
CCND2	0.4903522445280008	T00047	YHPH88654826988820	0	1
CCND2	0.8527828095545334	T00048	PEXY54705476596507	2	1
CCND2	0.907977119723621	T00048	CSIU53077442539371	2	1
CCND2	0.944151428347287	T00048	JKGC90608090470761	2	1
CCND2	0.8663595400046394	T00048	QXNP17665177017995	2	1
CCND2	0.9210968043331961	T00048	HKOT97137521933901	2	1
CCND2	0.9093751197494513	T00048	QVOU66007625176573	2	1
CCND2	0.9979023766414402	T00048	EGKY57295835062096	2	1
CCND2	0.963470769217387	T00048	UDNC00072730181266	2	1
CCND2	0.8790023324379773	T00049	ZSQR89996557204564	2	1
CCND2	0.950093014663254	T00049	QPBR87696513308603	2	1
CCND2	0.9392231807345094	T00049	BQSD77062028153131	2	1
CCND2	0.9363122409259204	T00049	JYKT07182508070042	2	1
CCND2	0.9173545916699294	T00049	GZLH27186998350875	2	1
CCND2	0.9451247629763729	T00049	LROH23926952627661	2	1
CCND2	0.8333809043990792	T00049	TFUV89020746147240	2	1
CCND2	0.9272556157064314	T00049	IDGT08846586269730	2	1
CCND2	1.0362487803842029	T00050	BYUH33453892158008	3	1
CCND2	0.9923371925121495	T00050	ILFW11655781639487	2	1
CCND2	0.9809918837156969	T00050	QGVW66050853252912	2	1
CCND2	0.8642225096659493	T00050	HSFV85675357691074	2	1
CCND2	0.9532059121455513	T00050	JQNY21414360790167	2	1
CCND2	0.9666807024935175	T00050	PJCL60461456898172	2	1
CCND2	0.9486551966334201	T00050	GKBH83372469135514	2	1
CCND2	0.8841894687234214	T00050	GIJD74734443576740	2	1
CCND2	0.9921776870999715	T00051	UHGE17670249316229	2	1
CCND2	0.974967206607243	T00051	IWSJ51636681725084	2	1
CCND2	0.8424883823619589	T00051	ITKH50885487400952	2	1
CCND2	0.8684908655639392	T00051	EIRU17549582768861	2	1
CCND2	0.9806890916317098	T00051	YKTG58682824825378	2	1
CCND2	0.9593590758362147	T00051	QXSO50902939254281	2	1
CCND2	0.4667845448919304	T00051	PZBG85436693621976	0	1
CCND2	0.9688712719288631	T00051	RLVT86630643569423	2	1
CCND2	0.8561442391050589	T00052	JUBZ74654843998591	2	1
CCND2	0.9202678607371177	T00052	ZORF96960823527499	2	1
CCND2	0.9632256761363578	T00052	UKGJ36112912513833	2	1
CCND2	0.45089397335341463	T00052	HQSH13203204413454	0	1
CCND2	1.0069732156816098	T00052	DEXM61983330386286	2	1
CCND2	0.8894606692654209	T00052	NMLV79244525484351	2	1
CCND2	0.9816995170744025	T00052	CLXF15288393767900	2	1
CCND2	0.9646883797193554	T00052	AVDZ67674941494572	2	1
CCND2	0.9029196426870529	T00053	HMEO38040083296575	2	1
CCND2	0.8433836958586486	T00053	THKD52746114778918	2	1
CCND2	0.9944128518010872	T00053	TGVE72854539128866	2	1
CCND2	0.9554337859782511	T00053	HRIF18103424255447	2	1
CCND2	0.9246759079627432	T00053	YHEL02779835837615	2	1
CCND2	0.8436367824315065	T00053	DQMF83753788605892	2	1
CCND2	0.499893280210722	T00053	MIEF05707736659309	0	1
CCND2	0.9135019851844193	T00053	GYIG78371430241404	2	1
CCND2	0.9513460262602947	T00054	OHCH09716980644437	2	1
CCND2	0.8623306478999097	T00054	GAPM22682065720500	2	1
CCND2	0.9031089855517896	T00054	GNWS18822044125814	2	1
CCND2	0.9018378666582861	T00054	CQUE60691765025294	2	1
CCND2	0.9543493992915013	T00054	RJXR66696172214927	2	1
CCND2	0.8663930139659312	T00054	JBXJ42275724801868	2	1
CCND2	0.9642410018054167	T00054	USXO44842305990072	2	1
CCND2	0.9405046048819902	T00054	SZOA85684636274867	2	1
CCND2	1.4358190506185584	T00055	CKBE19868659902031	4	1
CCND2	0.9421486388487088	T00055	LKPJ89716046768636	2	1
CCND2	0.9157557681210984	T00055	GDOF04600526371470	2	1
CCND2	0.8847757379329325	T00055	KJKI39083887970258	2	1
CCND2	0.48511715465474536	T00055	KXEZ77622881640888	0	1
CCND2	1.3955390634693003	T00055	TKTS50586955143746	4	1
CCND2	0.9314814918189194	T00055	GLUB75513240815716	2	1
CCND2	1.5994945855341947	T00055	NFON81617162575278	5	1
CCND2	0.8683339395387434	T00056	OJQL13604757215129	2	1
CCND2	0.9666684439293212	T00056	CZUG84114578027762	2	1
CCND2	0.4977447870545959	T00056	OMAL89046197046928	0	1
CCND2	0.9499067780562058	T00056	ZSOM11858846991249	2	1
CCND2	0.7755468071128492	T00056	AOMZ97978808478476	2	1
CCND2	0.9160467584588151	T00056	HOFY63780591964202	2	1
CCND2	0.9573514151444724	T00056	USIQ58197215516187	2	1
CCND2	0.8976451190179359	T00056	GYDV07261138307307	2	1
CCND2	0.9364049037535823	T00057	HKMW69360331771450	2	1
CCND2	0.8965423741040712	T00057	KGBD99242572679967	2	1
CCND2	0.9744510948924687	T00057	YENP70523778761539	2	1
CCND2	0.976102040140871	T00057	HUGZ81262745227158	2	1
CCND2	0.9995121249748138	T00057	QUYD94239921090876	2	1
CCND2	0.961474725036125	T00057	UVEQ37275316428029	2	1
CCND2	0.9226257189864954	T00057	RVWI90842373910289	2	1
CCND2	0.8950739644643416	T00057	DKZD17911532502926	2	1
CCND2	1.6229840171159773	T00058	BFGQ73935535749381	5	1
CCND2	0.8178273540173786	T00058	UMGJ42825176433093	2	1
CCND2	0.8546038872451484	T00058	PWAL28744412881319	2	1
CCND2	0.8533779544113566	T00058	EOQF91197706428228	2	1
CCND2	0.9295001673391975	T00058	UTCX52382953784303	2	1
CCND2	0.9281849235682534	T00058	RDQJ15778075644364	2	1
CCND2	0.4663465014172086	T00058	XGMC62776077127119	0	1
CCND2	0.9533582965757187	T00058	ZZFV41035283048973	2	1
CCND2	1.002954373735824	T00059	NMFQ98518150478370	2	1
CCND2	0.9556382563550598	T00059	BXWP24238875604918	2	1
CCND2	0.9814660778554015	T00059	ABLJ67360575550323	2	1
CCND2	0.9771849938273434	T00059	SJWS39712551167203	2	1
CCND2	0.5130796082069233	T00059	PIBI55049381585285	0	1
CCND2	0.9138474768010342	T00059	NXYH77878002346413	2	1
CCND2	0.9410814305659139	T00059	UVUX53847474757205	2	1
CCND2	0.47461230305226015	T00059	GQUT96403741754379	0	1
CCND2	0.909794751972075	T00060	LRUW76589062074881	2	1
CCND2	0.9051155545284287	T00060	NQRZ24889288025164	2	1
CCND2	0.42569767122877333	T00060	YNKP07713969387096	0	1
CCND2	1.044652428896844	T00060	QIHK57928191344342	2	1
CCND2	0.8837690581297706	T00060	XRLH04412589971190	2	1
CCND2	0.9152107455989922	T00060	GAJS53828327275959	2	1
CCND2	0.9586162849457333	T00060	CTOG96818321265177	2	1
CCND2	0.4658223236294317	T00060	WRCC43790857841676	0	1
CCND2	0.6890227477416939	T00061	GEJF53031138008045	2	2
CCND2	0.5887529692085508	T00061	OKRO35085002927141	2	2
CCND2	0.6238551057845588	T00061	XPNC08545572387187	2	2
CCND2	0.5953175021216505	T00061	RIPA46971668097707	2	2
CCND2	0.6626837965032977	T00061	QGUT32136472788943	2	2
CCND2	0.7111839558678783	T00061	TBXR01219357658192	2	2
CCND2	0.6328907727772136	T00061	HVCZ24719994641970	2	2
CCND2	0.6581426735731507	T00061	GGMT95208978543864	2	2
CCND2	0.6934977433886754	T00062	JTZH91188879384033	2	2
CCND2	0.65902767971601	T00062	EPON66629407644798	2	2
CCND2	0.7345023832484372	T00062	KRTR71084657571770	2	2
CCND2	0.6336414466599692	T00062	FLYD82774009332508	2	2
CCND2	0.7665028102503356	T00062	LFMM30064566542370	3	2
CCND2	0.3782455337488535	T00062	VYXV64050449815885	0	2
CCND2	0.6242530745625363	T00062	EOIV00266422874101	2	2
CCND2	0.6540151996421325	T00062	YSLY28131439526184	2	2
CCND2	0.6873392102104705	T00063	PAZF20879374422425	2	2
CCND2	0.7106551489826575	T00063	GWNZ77991640743882	2	2
CCND2	0.6765535879293605	T00063	XHAY55286975816262	2	2
CCND2	0.2998512600532106	T00063	KLEE31594554911184	0	2
CCND2	0.3458495787435098	T00063	ZSPN39616775080563	0	2
CCND2	0.6686879367146804	T00063	JSLC04926567142638	2	2
CCND2	0.6215684417871209	T00063	JXWJ44149747150231	2	2
CCND2	0.6306561616815685	T00063	KCKW15185368161722	2	2
CCND2	0.6302851602575273	T00064	HXHC07615634062581	2	2
CCND2	1.1740377363157466	T00064	BZMI84271643349084	5	2
CCND2	0.47702199683784646	T00064	KDJF17472193498858	1	2
CCND2	0.658354072729915	T00064	JAIW06037773645246	2	2
CCND2	0.6771563358880508	T00064	DPWU69123898402704	2	2
CCND2	0.6602171038421031	T00064	ISGI61170110421493	2	2
CCND2	0.6480386752488642	T00064	SKHN44377415883128	2	2
CCND2	0.6768489557539027	T00064	EONU06746843130524	2	2
CCND2	0.6867398825955692	T00065	UKWL68217023291935	2	2
CCND2	0.637546311197041	T00065	LRLE80673948347835	2	2
CCND2	0.6185339441277977	T00065	VCOI04905788265492	2	2
CCND2	0.6699863639926316	T00065	FRSM25318070372190	2	2
CCND2	0.6187282930606289	T00065	HBTW33274956900184	2	2
CCND2	0.669879758516027	T00065	PDVD48082119254049	2	2
CCND2	0.6272671049917142	T00065	QINP15673181317882	2	2
CCND2	0.3171186569295915	T00065	ACBV86128601369701	0	2
CCND2	0.6594644593563529	T00066	OFAD64040736534841	2	2
CCND2	0.6059789292842654	T00066	JFKM20010150198064	2	2
CCND2	0.7313690697047804	T00066	QVGT13558280360917	2	2
CCND2	0.638646409247021	T00066	PMAY55476918364870	2	2
CCND2	0.6349589683065572	T00066	QPPY62804939407879	2	2
CCND2	0.6040449422677693	T00066	KUEV19290975623029	2	2
CCND2	0.566448719713419	T00066	XESH88758656428252	2	2
CCND2	0.6683956960173729	T00066	SMBF02552742261449	2	2
CCND2	0.7055316349631969	T00067	BNOQ66041039514732	2	2
CCND2	0.6054470485613656	T00067	APOL49707462846714	2	2
CCND2	0.7011449010031814	T00067	TSEY51551966120366	2	2
CCND2	0.6418700423049847	T00067	HQAQ14703273962075	2	2
CCND2	0.6332341848298464	T00067	IRDK99429422225243	2	2
CCND2	0.5953845515444689	T00067	QYHA30976609233954	2	2
CCND2	0.310102270075888	T00067	ZKJY59075283384266	0	2
CCND2	0.6686059849401131	T00067	ZRES87511764370374	2	2
CCND2	0.6661638859990586	T00068	CUBZ44829675301211	2	2
CCND2	0.6460218673436247	T00068	SQNM87185717352679	2	2
CCND2	0.6077406908070884	T00068	BTHB70641460667536	2	2
CCND2	0.5934653302034648	T00068	ZBUP43480376948472	2	2
CCND2	0.6429944711192922	T00068	FHJS08584072471143	2	2
CCND2	0.6525795715724474	T00068	HYFC08442179378868	2	2
CCND2	0.891115214201096	T00068	VYDY92763837357401	3	2
CCND2	0.6007070161378935	T00068	LTFO60831394495082	2	2
CCND2	0.6565298880618486	T00069	OYGP12686811572459	2	2
CCND2	0.6319148289060111	T00069	LQCD82327521733515	2	2
CCND2	0.6481154902674863	T00069	EIEE42639736740809	2	2
CCND2	0.9111428076083687	T00069	UXIB62382421572429	4	2
CCND2	0.68130222325804	T00069	ANWS40727179405797	2	2
CCND2	0.8239908425285604	T00069	AWAE99912956257991	3	2
CCND2	0.6916377103845041	T00069	QWDR06128565886710	2	2
CCND2	0.6488980829625092	T00069	XEII08016914295603	2	2
CCND2	0.7224211821917677	T00070	QCOQ41475364797636	2	2
CCND2	0.6772427834708584	T00070	KOYI50733294774812	2	2
CCND2	0.6044957744124683	T00070	UXJE04941987453180	2	2
CCND2	0.6449526348728323	T00070	KTKR59656843676674	2	2
CCND2	0.990442278397522	T00070	DUGS73386233119449	4	2
CCND2	0.6725132341265909	T00070	JYUV27867782045709	2	2
CCND2	0.6446974741320463	T00070	CSOF59413595273605	2	2
CCND2	0.6278022788791314	T00070	MUVL51106901041952	2	2
